<?xml version="1.0" encoding="UTF-8"?>
<spirit:component xmlns:xilinx="http://www.xilinx.com" xmlns:spirit="http://www.spiritconsortium.org/XMLSchema/SPIRIT/1685-2009" xmlns:xsi="http://www.w3.org/2001/XMLSchema-instance">
  <spirit:vendor>Semco</spirit:vendor>
  <spirit:library>SysGen</spirit:library>
  <spirit:name>pilotdetect</spirit:name>
  <spirit:version>KU_4.1</spirit:version>
  <spirit:busInterfaces>
    <spirit:busInterface>
      <spirit:name>clk</spirit:name>
      <spirit:busType spirit:vendor="xilinx.com" spirit:library="signal" spirit:name="clock" spirit:version="1.0"/>
      <spirit:abstractionType spirit:vendor="xilinx.com" spirit:library="signal" spirit:name="clock_rtl" spirit:version="1.0"/>
      <spirit:slave/>
      <spirit:portMaps>
        <spirit:portMap>
          <spirit:logicalPort>
            <spirit:name>CLK</spirit:name>
          </spirit:logicalPort>
          <spirit:physicalPort>
            <spirit:name>clk</spirit:name>
          </spirit:physicalPort>
        </spirit:portMap>
      </spirit:portMaps>
    </spirit:busInterface>
    <spirit:busInterface>
      <spirit:name>imagdata</spirit:name>
      <spirit:busType spirit:vendor="xilinx.com" spirit:library="signal" spirit:name="data" spirit:version="1.0"/>
      <spirit:abstractionType spirit:vendor="xilinx.com" spirit:library="signal" spirit:name="data_rtl" spirit:version="1.0"/>
      <spirit:slave/>
      <spirit:portMaps>
        <spirit:portMap>
          <spirit:logicalPort>
            <spirit:name>DATA</spirit:name>
          </spirit:logicalPort>
          <spirit:physicalPort>
            <spirit:name>imagdata</spirit:name>
          </spirit:physicalPort>
        </spirit:portMap>
      </spirit:portMaps>
      <spirit:parameters>
        <spirit:parameter>
          <spirit:name>LAYERED_METADATA</spirit:name>
          <spirit:value spirit:id="BUSIFPARAM_VALUE.IMAGDATA.LAYERED_METADATA">xilinx.com:interface:datatypes:1.0 {DATA {datatype {name {attribs {resolve_type immediate dependency {} format string minimum {} maximum {}} value {}} bitwidth {attribs {resolve_type immediate dependency {} format long minimum {} maximum {}} value 18} bitoffset {attribs {resolve_type immediate dependency {} format long minimum {} maximum {}} value 0} real {fixed {fractwidth {attribs {resolve_type immediate dependency {} format long minimum {} maximum {}} value 17} signed {attribs {resolve_type immediate dependency {} format bool minimum {} maximum {}} value true}}}}}}</spirit:value>
        </spirit:parameter>
      </spirit:parameters>
    </spirit:busInterface>
    <spirit:busInterface>
      <spirit:name>realdata</spirit:name>
      <spirit:busType spirit:vendor="xilinx.com" spirit:library="signal" spirit:name="data" spirit:version="1.0"/>
      <spirit:abstractionType spirit:vendor="xilinx.com" spirit:library="signal" spirit:name="data_rtl" spirit:version="1.0"/>
      <spirit:slave/>
      <spirit:portMaps>
        <spirit:portMap>
          <spirit:logicalPort>
            <spirit:name>DATA</spirit:name>
          </spirit:logicalPort>
          <spirit:physicalPort>
            <spirit:name>realdata</spirit:name>
          </spirit:physicalPort>
        </spirit:portMap>
      </spirit:portMaps>
      <spirit:parameters>
        <spirit:parameter>
          <spirit:name>LAYERED_METADATA</spirit:name>
          <spirit:value spirit:id="BUSIFPARAM_VALUE.REALDATA.LAYERED_METADATA">xilinx.com:interface:datatypes:1.0 {DATA {datatype {name {attribs {resolve_type immediate dependency {} format string minimum {} maximum {}} value {}} bitwidth {attribs {resolve_type immediate dependency {} format long minimum {} maximum {}} value 18} bitoffset {attribs {resolve_type immediate dependency {} format long minimum {} maximum {}} value 0} real {fixed {fractwidth {attribs {resolve_type immediate dependency {} format long minimum {} maximum {}} value 17} signed {attribs {resolve_type immediate dependency {} format bool minimum {} maximum {}} value true}}}}}}</spirit:value>
        </spirit:parameter>
      </spirit:parameters>
    </spirit:busInterface>
    <spirit:busInterface>
      <spirit:name>validpilot</spirit:name>
      <spirit:busType spirit:vendor="xilinx.com" spirit:library="signal" spirit:name="data" spirit:version="1.0"/>
      <spirit:abstractionType spirit:vendor="xilinx.com" spirit:library="signal" spirit:name="data_rtl" spirit:version="1.0"/>
      <spirit:slave/>
      <spirit:portMaps>
        <spirit:portMap>
          <spirit:logicalPort>
            <spirit:name>DATA</spirit:name>
          </spirit:logicalPort>
          <spirit:physicalPort>
            <spirit:name>validpilot</spirit:name>
          </spirit:physicalPort>
        </spirit:portMap>
      </spirit:portMaps>
      <spirit:parameters>
        <spirit:parameter>
          <spirit:name>LAYERED_METADATA</spirit:name>
          <spirit:value spirit:id="BUSIFPARAM_VALUE.VALIDPILOT.LAYERED_METADATA">xilinx.com:interface:datatypes:1.0 {DATA {datatype {name {attribs {resolve_type immediate dependency {} format string minimum {} maximum {}} value {}} bitwidth {attribs {resolve_type immediate dependency {} format long minimum {} maximum {}} value 1} bitoffset {attribs {resolve_type immediate dependency {} format long minimum {} maximum {}} value 0} real {fixed {fractwidth {attribs {resolve_type immediate dependency {} format long minimum {} maximum {}} value 0} signed {attribs {resolve_type immediate dependency {} format bool minimum {} maximum {}} value false}}}}}}</spirit:value>
        </spirit:parameter>
      </spirit:parameters>
    </spirit:busInterface>
    <spirit:busInterface>
      <spirit:name>conj_imag</spirit:name>
      <spirit:busType spirit:vendor="xilinx.com" spirit:library="signal" spirit:name="data" spirit:version="1.0"/>
      <spirit:abstractionType spirit:vendor="xilinx.com" spirit:library="signal" spirit:name="data_rtl" spirit:version="1.0"/>
      <spirit:slave/>
      <spirit:portMaps>
        <spirit:portMap>
          <spirit:logicalPort>
            <spirit:name>DATA</spirit:name>
          </spirit:logicalPort>
          <spirit:physicalPort>
            <spirit:name>conj_imag</spirit:name>
          </spirit:physicalPort>
        </spirit:portMap>
      </spirit:portMaps>
      <spirit:parameters>
        <spirit:parameter>
          <spirit:name>LAYERED_METADATA</spirit:name>
          <spirit:value spirit:id="BUSIFPARAM_VALUE.CONJ_IMAG.LAYERED_METADATA">xilinx.com:interface:datatypes:1.0 {DATA {datatype {name {attribs {resolve_type immediate dependency {} format string minimum {} maximum {}} value {}} bitwidth {attribs {resolve_type immediate dependency {} format long minimum {} maximum {}} value 1} bitoffset {attribs {resolve_type immediate dependency {} format long minimum {} maximum {}} value 0} real {fixed {fractwidth {attribs {resolve_type immediate dependency {} format long minimum {} maximum {}} value 0} signed {attribs {resolve_type immediate dependency {} format bool minimum {} maximum {}} value false}}}}}}</spirit:value>
        </spirit:parameter>
      </spirit:parameters>
    </spirit:busInterface>
    <spirit:busInterface>
      <spirit:name>imagpilotout</spirit:name>
      <spirit:busType spirit:vendor="xilinx.com" spirit:library="signal" spirit:name="data" spirit:version="1.0"/>
      <spirit:abstractionType spirit:vendor="xilinx.com" spirit:library="signal" spirit:name="data_rtl" spirit:version="1.0"/>
      <spirit:master/>
      <spirit:portMaps>
        <spirit:portMap>
          <spirit:logicalPort>
            <spirit:name>DATA</spirit:name>
          </spirit:logicalPort>
          <spirit:physicalPort>
            <spirit:name>imagpilotout</spirit:name>
          </spirit:physicalPort>
        </spirit:portMap>
      </spirit:portMaps>
      <spirit:parameters>
        <spirit:parameter>
          <spirit:name>LAYERED_METADATA</spirit:name>
          <spirit:value spirit:id="BUSIFPARAM_VALUE.IMAGPILOTOUT.LAYERED_METADATA">xilinx.com:interface:datatypes:1.0 {DATA {datatype {name {attribs {resolve_type immediate dependency {} format string minimum {} maximum {}} value {}} bitwidth {attribs {resolve_type immediate dependency {} format long minimum {} maximum {}} value 18} bitoffset {attribs {resolve_type immediate dependency {} format long minimum {} maximum {}} value 0} real {fixed {fractwidth {attribs {resolve_type immediate dependency {} format long minimum {} maximum {}} value 17} signed {attribs {resolve_type immediate dependency {} format bool minimum {} maximum {}} value true}}}}}}</spirit:value>
        </spirit:parameter>
      </spirit:parameters>
    </spirit:busInterface>
    <spirit:busInterface>
      <spirit:name>realpilotout</spirit:name>
      <spirit:busType spirit:vendor="xilinx.com" spirit:library="signal" spirit:name="data" spirit:version="1.0"/>
      <spirit:abstractionType spirit:vendor="xilinx.com" spirit:library="signal" spirit:name="data_rtl" spirit:version="1.0"/>
      <spirit:master/>
      <spirit:portMaps>
        <spirit:portMap>
          <spirit:logicalPort>
            <spirit:name>DATA</spirit:name>
          </spirit:logicalPort>
          <spirit:physicalPort>
            <spirit:name>realpilotout</spirit:name>
          </spirit:physicalPort>
        </spirit:portMap>
      </spirit:portMaps>
      <spirit:parameters>
        <spirit:parameter>
          <spirit:name>LAYERED_METADATA</spirit:name>
          <spirit:value spirit:id="BUSIFPARAM_VALUE.REALPILOTOUT.LAYERED_METADATA">xilinx.com:interface:datatypes:1.0 {DATA {datatype {name {attribs {resolve_type immediate dependency {} format string minimum {} maximum {}} value {}} bitwidth {attribs {resolve_type immediate dependency {} format long minimum {} maximum {}} value 18} bitoffset {attribs {resolve_type immediate dependency {} format long minimum {} maximum {}} value 0} real {fixed {fractwidth {attribs {resolve_type immediate dependency {} format long minimum {} maximum {}} value 17} signed {attribs {resolve_type immediate dependency {} format bool minimum {} maximum {}} value true}}}}}}</spirit:value>
        </spirit:parameter>
      </spirit:parameters>
    </spirit:busInterface>
    <spirit:busInterface>
      <spirit:name>threshold</spirit:name>
      <spirit:busType spirit:vendor="xilinx.com" spirit:library="signal" spirit:name="data" spirit:version="1.0"/>
      <spirit:abstractionType spirit:vendor="xilinx.com" spirit:library="signal" spirit:name="data_rtl" spirit:version="1.0"/>
      <spirit:master/>
      <spirit:portMaps>
        <spirit:portMap>
          <spirit:logicalPort>
            <spirit:name>DATA</spirit:name>
          </spirit:logicalPort>
          <spirit:physicalPort>
            <spirit:name>threshold</spirit:name>
          </spirit:physicalPort>
        </spirit:portMap>
      </spirit:portMaps>
      <spirit:parameters>
        <spirit:parameter>
          <spirit:name>LAYERED_METADATA</spirit:name>
          <spirit:value spirit:id="BUSIFPARAM_VALUE.THRESHOLD.LAYERED_METADATA">xilinx.com:interface:datatypes:1.0 {DATA {datatype {name {attribs {resolve_type immediate dependency {} format string minimum {} maximum {}} value {}} bitwidth {attribs {resolve_type immediate dependency {} format long minimum {} maximum {}} value 18} bitoffset {attribs {resolve_type immediate dependency {} format long minimum {} maximum {}} value 0} real {fixed {fractwidth {attribs {resolve_type immediate dependency {} format long minimum {} maximum {}} value 17} signed {attribs {resolve_type immediate dependency {} format bool minimum {} maximum {}} value false}}}}}}</spirit:value>
        </spirit:parameter>
      </spirit:parameters>
    </spirit:busInterface>
    <spirit:busInterface>
      <spirit:name>validpilotout</spirit:name>
      <spirit:busType spirit:vendor="xilinx.com" spirit:library="signal" spirit:name="data" spirit:version="1.0"/>
      <spirit:abstractionType spirit:vendor="xilinx.com" spirit:library="signal" spirit:name="data_rtl" spirit:version="1.0"/>
      <spirit:master/>
      <spirit:portMaps>
        <spirit:portMap>
          <spirit:logicalPort>
            <spirit:name>DATA</spirit:name>
          </spirit:logicalPort>
          <spirit:physicalPort>
            <spirit:name>validpilotout</spirit:name>
          </spirit:physicalPort>
        </spirit:portMap>
      </spirit:portMaps>
      <spirit:parameters>
        <spirit:parameter>
          <spirit:name>LAYERED_METADATA</spirit:name>
          <spirit:value spirit:id="BUSIFPARAM_VALUE.VALIDPILOTOUT.LAYERED_METADATA">xilinx.com:interface:datatypes:1.0 {DATA {datatype {name {attribs {resolve_type immediate dependency {} format string minimum {} maximum {}} value {}} bitwidth {attribs {resolve_type immediate dependency {} format long minimum {} maximum {}} value 1} bitoffset {attribs {resolve_type immediate dependency {} format long minimum {} maximum {}} value 0} real {fixed {fractwidth {attribs {resolve_type immediate dependency {} format long minimum {} maximum {}} value 0} signed {attribs {resolve_type immediate dependency {} format bool minimum {} maximum {}} value false}}}}}}</spirit:value>
        </spirit:parameter>
      </spirit:parameters>
    </spirit:busInterface>
    <spirit:busInterface>
      <spirit:name>pilot_found</spirit:name>
      <spirit:busType spirit:vendor="xilinx.com" spirit:library="signal" spirit:name="data" spirit:version="1.0"/>
      <spirit:abstractionType spirit:vendor="xilinx.com" spirit:library="signal" spirit:name="data_rtl" spirit:version="1.0"/>
      <spirit:master/>
      <spirit:portMaps>
        <spirit:portMap>
          <spirit:logicalPort>
            <spirit:name>DATA</spirit:name>
          </spirit:logicalPort>
          <spirit:physicalPort>
            <spirit:name>pilot_found</spirit:name>
          </spirit:physicalPort>
        </spirit:portMap>
      </spirit:portMaps>
      <spirit:parameters>
        <spirit:parameter>
          <spirit:name>LAYERED_METADATA</spirit:name>
          <spirit:value spirit:id="BUSIFPARAM_VALUE.PILOT_FOUND.LAYERED_METADATA">xilinx.com:interface:datatypes:1.0 {DATA {datatype {name {attribs {resolve_type immediate dependency {} format string minimum {} maximum {}} value {}} bitwidth {attribs {resolve_type immediate dependency {} format long minimum {} maximum {}} value 1} bitoffset {attribs {resolve_type immediate dependency {} format long minimum {} maximum {}} value 0} real {fixed {fractwidth {attribs {resolve_type immediate dependency {} format long minimum {} maximum {}} value 0} signed {attribs {resolve_type immediate dependency {} format bool minimum {} maximum {}} value false}}}}}}</spirit:value>
        </spirit:parameter>
      </spirit:parameters>
    </spirit:busInterface>
    <spirit:busInterface>
      <spirit:name>pilot_indexes</spirit:name>
      <spirit:busType spirit:vendor="xilinx.com" spirit:library="signal" spirit:name="data" spirit:version="1.0"/>
      <spirit:abstractionType spirit:vendor="xilinx.com" spirit:library="signal" spirit:name="data_rtl" spirit:version="1.0"/>
      <spirit:master/>
      <spirit:portMaps>
        <spirit:portMap>
          <spirit:logicalPort>
            <spirit:name>DATA</spirit:name>
          </spirit:logicalPort>
          <spirit:physicalPort>
            <spirit:name>pilot_indexes</spirit:name>
          </spirit:physicalPort>
        </spirit:portMap>
      </spirit:portMaps>
      <spirit:parameters>
        <spirit:parameter>
          <spirit:name>LAYERED_METADATA</spirit:name>
          <spirit:value spirit:id="BUSIFPARAM_VALUE.PILOT_INDEXES.LAYERED_METADATA">xilinx.com:interface:datatypes:1.0 {DATA {datatype {name {attribs {resolve_type immediate dependency {} format string minimum {} maximum {}} value {}} bitwidth {attribs {resolve_type immediate dependency {} format long minimum {} maximum {}} value 9} bitoffset {attribs {resolve_type immediate dependency {} format long minimum {} maximum {}} value 0} real {fixed {fractwidth {attribs {resolve_type immediate dependency {} format long minimum {} maximum {}} value 0} signed {attribs {resolve_type immediate dependency {} format bool minimum {} maximum {}} value false}}}}}}</spirit:value>
        </spirit:parameter>
      </spirit:parameters>
    </spirit:busInterface>
    <spirit:busInterface>
      <spirit:name>pilot_mag</spirit:name>
      <spirit:busType spirit:vendor="xilinx.com" spirit:library="signal" spirit:name="data" spirit:version="1.0"/>
      <spirit:abstractionType spirit:vendor="xilinx.com" spirit:library="signal" spirit:name="data_rtl" spirit:version="1.0"/>
      <spirit:master/>
      <spirit:portMaps>
        <spirit:portMap>
          <spirit:logicalPort>
            <spirit:name>DATA</spirit:name>
          </spirit:logicalPort>
          <spirit:physicalPort>
            <spirit:name>pilot_mag</spirit:name>
          </spirit:physicalPort>
        </spirit:portMap>
      </spirit:portMaps>
      <spirit:parameters>
        <spirit:parameter>
          <spirit:name>LAYERED_METADATA</spirit:name>
          <spirit:value spirit:id="BUSIFPARAM_VALUE.PILOT_MAG.LAYERED_METADATA">xilinx.com:interface:datatypes:1.0 {DATA {datatype {name {attribs {resolve_type immediate dependency {} format string minimum {} maximum {}} value {}} bitwidth {attribs {resolve_type immediate dependency {} format long minimum {} maximum {}} value 18} bitoffset {attribs {resolve_type immediate dependency {} format long minimum {} maximum {}} value 0} real {fixed {fractwidth {attribs {resolve_type immediate dependency {} format long minimum {} maximum {}} value 17} signed {attribs {resolve_type immediate dependency {} format bool minimum {} maximum {}} value false}}}}}}</spirit:value>
        </spirit:parameter>
      </spirit:parameters>
    </spirit:busInterface>
    <spirit:busInterface>
      <spirit:name>pilot_pulse</spirit:name>
      <spirit:busType spirit:vendor="xilinx.com" spirit:library="signal" spirit:name="data" spirit:version="1.0"/>
      <spirit:abstractionType spirit:vendor="xilinx.com" spirit:library="signal" spirit:name="data_rtl" spirit:version="1.0"/>
      <spirit:master/>
      <spirit:portMaps>
        <spirit:portMap>
          <spirit:logicalPort>
            <spirit:name>DATA</spirit:name>
          </spirit:logicalPort>
          <spirit:physicalPort>
            <spirit:name>pilot_pulse</spirit:name>
          </spirit:physicalPort>
        </spirit:portMap>
      </spirit:portMaps>
      <spirit:parameters>
        <spirit:parameter>
          <spirit:name>LAYERED_METADATA</spirit:name>
          <spirit:value spirit:id="BUSIFPARAM_VALUE.PILOT_PULSE.LAYERED_METADATA">xilinx.com:interface:datatypes:1.0 {DATA {datatype {name {attribs {resolve_type immediate dependency {} format string minimum {} maximum {}} value {}} bitwidth {attribs {resolve_type immediate dependency {} format long minimum {} maximum {}} value 1} bitoffset {attribs {resolve_type immediate dependency {} format long minimum {} maximum {}} value 0} real {fixed {fractwidth {attribs {resolve_type immediate dependency {} format long minimum {} maximum {}} value 0} signed {attribs {resolve_type immediate dependency {} format bool minimum {} maximum {}} value false}}}}}}</spirit:value>
        </spirit:parameter>
      </spirit:parameters>
    </spirit:busInterface>
  </spirit:busInterfaces>
  <spirit:model>
    <spirit:views>
      <spirit:view>
        <spirit:name>xilinx_vhdlsynthesis</spirit:name>
        <spirit:displayName>VHDL Synthesis</spirit:displayName>
        <spirit:envIdentifier>vhdlSource:vivado.xilinx.com:synthesis</spirit:envIdentifier>
        <spirit:language>vhdl</spirit:language>
        <spirit:modelName>pilotdetect</spirit:modelName>
        <spirit:fileSetRef>
          <spirit:localName>xilinx_vhdlsynthesis_view_fileset</spirit:localName>
        </spirit:fileSetRef>
      </spirit:view>
      <spirit:view>
        <spirit:name>xilinx_vhdlbehavioralsimulation</spirit:name>
        <spirit:displayName>VHDL Simulation</spirit:displayName>
        <spirit:envIdentifier>vhdlSource:vivado.xilinx.com:simulation</spirit:envIdentifier>
        <spirit:language>vhdl</spirit:language>
        <spirit:modelName>pilotdetect</spirit:modelName>
        <spirit:fileSetRef>
          <spirit:localName>xilinx_vhdlbehavioralsimulation_view_fileset</spirit:localName>
        </spirit:fileSetRef>
      </spirit:view>
      <spirit:view>
        <spirit:name>xilinx_xpgui</spirit:name>
        <spirit:displayName>UI Layout</spirit:displayName>
        <spirit:envIdentifier>:vivado.xilinx.com:xgui.ui</spirit:envIdentifier>
        <spirit:fileSetRef>
          <spirit:localName>xilinx_xpgui_view_fileset</spirit:localName>
        </spirit:fileSetRef>
      </spirit:view>
      <spirit:view>
        <spirit:name>xilinx_utilityxitfiles</spirit:name>
        <spirit:displayName>Utility XIT/TTCL</spirit:displayName>
        <spirit:envIdentifier>:vivado.xilinx.com:xit.util</spirit:envIdentifier>
        <spirit:fileSetRef>
          <spirit:localName>xilinx_utilityxitfiles_view_fileset</spirit:localName>
        </spirit:fileSetRef>
      </spirit:view>
    </spirit:views>
    <spirit:ports>
      <spirit:port>
        <spirit:name>imagdata</spirit:name>
        <spirit:wire>
          <spirit:direction>in</spirit:direction>
          <spirit:vector>
            <spirit:left spirit:format="long">17</spirit:left>
            <spirit:right spirit:format="long">0</spirit:right>
          </spirit:vector>
          <spirit:wireTypeDefs>
            <spirit:wireTypeDef>
              <spirit:typeName>std_logic_vector</spirit:typeName>
              <spirit:viewNameRef>xilinx_vhdlsynthesis</spirit:viewNameRef>
              <spirit:viewNameRef>xilinx_vhdlbehavioralsimulation</spirit:viewNameRef>
            </spirit:wireTypeDef>
          </spirit:wireTypeDefs>
        </spirit:wire>
      </spirit:port>
      <spirit:port>
        <spirit:name>realdata</spirit:name>
        <spirit:wire>
          <spirit:direction>in</spirit:direction>
          <spirit:vector>
            <spirit:left spirit:format="long">17</spirit:left>
            <spirit:right spirit:format="long">0</spirit:right>
          </spirit:vector>
          <spirit:wireTypeDefs>
            <spirit:wireTypeDef>
              <spirit:typeName>std_logic_vector</spirit:typeName>
              <spirit:viewNameRef>xilinx_vhdlsynthesis</spirit:viewNameRef>
              <spirit:viewNameRef>xilinx_vhdlbehavioralsimulation</spirit:viewNameRef>
            </spirit:wireTypeDef>
          </spirit:wireTypeDefs>
        </spirit:wire>
      </spirit:port>
      <spirit:port>
        <spirit:name>validpilot</spirit:name>
        <spirit:wire>
          <spirit:direction>in</spirit:direction>
          <spirit:wireTypeDefs>
            <spirit:wireTypeDef>
              <spirit:typeName>std_logic</spirit:typeName>
              <spirit:viewNameRef>xilinx_vhdlsynthesis</spirit:viewNameRef>
              <spirit:viewNameRef>xilinx_vhdlbehavioralsimulation</spirit:viewNameRef>
            </spirit:wireTypeDef>
          </spirit:wireTypeDefs>
        </spirit:wire>
      </spirit:port>
      <spirit:port>
        <spirit:name>conj_imag</spirit:name>
        <spirit:wire>
          <spirit:direction>in</spirit:direction>
          <spirit:wireTypeDefs>
            <spirit:wireTypeDef>
              <spirit:typeName>std_logic</spirit:typeName>
              <spirit:viewNameRef>xilinx_vhdlsynthesis</spirit:viewNameRef>
              <spirit:viewNameRef>xilinx_vhdlbehavioralsimulation</spirit:viewNameRef>
            </spirit:wireTypeDef>
          </spirit:wireTypeDefs>
        </spirit:wire>
      </spirit:port>
      <spirit:port>
        <spirit:name>clk</spirit:name>
        <spirit:wire>
          <spirit:direction>in</spirit:direction>
          <spirit:wireTypeDefs>
            <spirit:wireTypeDef>
              <spirit:typeName>std_logic</spirit:typeName>
              <spirit:viewNameRef>xilinx_vhdlsynthesis</spirit:viewNameRef>
              <spirit:viewNameRef>xilinx_vhdlbehavioralsimulation</spirit:viewNameRef>
            </spirit:wireTypeDef>
          </spirit:wireTypeDefs>
        </spirit:wire>
      </spirit:port>
      <spirit:port>
        <spirit:name>imagpilotout</spirit:name>
        <spirit:wire>
          <spirit:direction>out</spirit:direction>
          <spirit:vector>
            <spirit:left spirit:format="long">17</spirit:left>
            <spirit:right spirit:format="long">0</spirit:right>
          </spirit:vector>
          <spirit:wireTypeDefs>
            <spirit:wireTypeDef>
              <spirit:typeName>std_logic_vector</spirit:typeName>
              <spirit:viewNameRef>xilinx_vhdlsynthesis</spirit:viewNameRef>
              <spirit:viewNameRef>xilinx_vhdlbehavioralsimulation</spirit:viewNameRef>
            </spirit:wireTypeDef>
          </spirit:wireTypeDefs>
        </spirit:wire>
      </spirit:port>
      <spirit:port>
        <spirit:name>realpilotout</spirit:name>
        <spirit:wire>
          <spirit:direction>out</spirit:direction>
          <spirit:vector>
            <spirit:left spirit:format="long">17</spirit:left>
            <spirit:right spirit:format="long">0</spirit:right>
          </spirit:vector>
          <spirit:wireTypeDefs>
            <spirit:wireTypeDef>
              <spirit:typeName>std_logic_vector</spirit:typeName>
              <spirit:viewNameRef>xilinx_vhdlsynthesis</spirit:viewNameRef>
              <spirit:viewNameRef>xilinx_vhdlbehavioralsimulation</spirit:viewNameRef>
            </spirit:wireTypeDef>
          </spirit:wireTypeDefs>
        </spirit:wire>
      </spirit:port>
      <spirit:port>
        <spirit:name>threshold</spirit:name>
        <spirit:wire>
          <spirit:direction>out</spirit:direction>
          <spirit:vector>
            <spirit:left spirit:format="long">17</spirit:left>
            <spirit:right spirit:format="long">0</spirit:right>
          </spirit:vector>
          <spirit:wireTypeDefs>
            <spirit:wireTypeDef>
              <spirit:typeName>std_logic_vector</spirit:typeName>
              <spirit:viewNameRef>xilinx_vhdlsynthesis</spirit:viewNameRef>
              <spirit:viewNameRef>xilinx_vhdlbehavioralsimulation</spirit:viewNameRef>
            </spirit:wireTypeDef>
          </spirit:wireTypeDefs>
        </spirit:wire>
      </spirit:port>
      <spirit:port>
        <spirit:name>validpilotout</spirit:name>
        <spirit:wire>
          <spirit:direction>out</spirit:direction>
          <spirit:wireTypeDefs>
            <spirit:wireTypeDef>
              <spirit:typeName>std_logic</spirit:typeName>
              <spirit:viewNameRef>xilinx_vhdlsynthesis</spirit:viewNameRef>
              <spirit:viewNameRef>xilinx_vhdlbehavioralsimulation</spirit:viewNameRef>
            </spirit:wireTypeDef>
          </spirit:wireTypeDefs>
        </spirit:wire>
      </spirit:port>
      <spirit:port>
        <spirit:name>pilot_found</spirit:name>
        <spirit:wire>
          <spirit:direction>out</spirit:direction>
          <spirit:wireTypeDefs>
            <spirit:wireTypeDef>
              <spirit:typeName>std_logic</spirit:typeName>
              <spirit:viewNameRef>xilinx_vhdlsynthesis</spirit:viewNameRef>
              <spirit:viewNameRef>xilinx_vhdlbehavioralsimulation</spirit:viewNameRef>
            </spirit:wireTypeDef>
          </spirit:wireTypeDefs>
        </spirit:wire>
      </spirit:port>
      <spirit:port>
        <spirit:name>pilot_indexes</spirit:name>
        <spirit:wire>
          <spirit:direction>out</spirit:direction>
          <spirit:vector>
            <spirit:left spirit:format="long">8</spirit:left>
            <spirit:right spirit:format="long">0</spirit:right>
          </spirit:vector>
          <spirit:wireTypeDefs>
            <spirit:wireTypeDef>
              <spirit:typeName>std_logic_vector</spirit:typeName>
              <spirit:viewNameRef>xilinx_vhdlsynthesis</spirit:viewNameRef>
              <spirit:viewNameRef>xilinx_vhdlbehavioralsimulation</spirit:viewNameRef>
            </spirit:wireTypeDef>
          </spirit:wireTypeDefs>
        </spirit:wire>
      </spirit:port>
      <spirit:port>
        <spirit:name>pilot_mag</spirit:name>
        <spirit:wire>
          <spirit:direction>out</spirit:direction>
          <spirit:vector>
            <spirit:left spirit:format="long">17</spirit:left>
            <spirit:right spirit:format="long">0</spirit:right>
          </spirit:vector>
          <spirit:wireTypeDefs>
            <spirit:wireTypeDef>
              <spirit:typeName>std_logic_vector</spirit:typeName>
              <spirit:viewNameRef>xilinx_vhdlsynthesis</spirit:viewNameRef>
              <spirit:viewNameRef>xilinx_vhdlbehavioralsimulation</spirit:viewNameRef>
            </spirit:wireTypeDef>
          </spirit:wireTypeDefs>
        </spirit:wire>
      </spirit:port>
      <spirit:port>
        <spirit:name>pilot_pulse</spirit:name>
        <spirit:wire>
          <spirit:direction>out</spirit:direction>
          <spirit:wireTypeDefs>
            <spirit:wireTypeDef>
              <spirit:typeName>std_logic</spirit:typeName>
              <spirit:viewNameRef>xilinx_vhdlsynthesis</spirit:viewNameRef>
              <spirit:viewNameRef>xilinx_vhdlbehavioralsimulation</spirit:viewNameRef>
            </spirit:wireTypeDef>
          </spirit:wireTypeDefs>
        </spirit:wire>
      </spirit:port>
    </spirit:ports>
  </spirit:model>
  <spirit:fileSets>
    <spirit:fileSet>
      <spirit:name>xilinx_vhdlsynthesis_view_fileset</spirit:name>
      <spirit:file>
        <spirit:name>pilotdetect_blk_mem_gen_v8_3_i0/pilotdetect_blk_mem_gen_v8_3_i0.xci</spirit:name>
        <spirit:userFileType>xci</spirit:userFileType>
      </spirit:file>
      <spirit:file>
        <spirit:name>pilotdetect_blk_mem_gen_v8_3_i1/pilotdetect_blk_mem_gen_v8_3_i1.xci</spirit:name>
        <spirit:userFileType>xci</spirit:userFileType>
      </spirit:file>
      <spirit:file>
        <spirit:name>pilotdetect_blk_mem_gen_v8_3_i10/pilotdetect_blk_mem_gen_v8_3_i10.xci</spirit:name>
        <spirit:userFileType>xci</spirit:userFileType>
      </spirit:file>
      <spirit:file>
        <spirit:name>pilotdetect_blk_mem_gen_v8_3_i11/pilotdetect_blk_mem_gen_v8_3_i11.xci</spirit:name>
        <spirit:userFileType>xci</spirit:userFileType>
      </spirit:file>
      <spirit:file>
        <spirit:name>pilotdetect_blk_mem_gen_v8_3_i12/pilotdetect_blk_mem_gen_v8_3_i12.xci</spirit:name>
        <spirit:userFileType>xci</spirit:userFileType>
      </spirit:file>
      <spirit:file>
        <spirit:name>pilotdetect_blk_mem_gen_v8_3_i13/pilotdetect_blk_mem_gen_v8_3_i13.xci</spirit:name>
        <spirit:userFileType>xci</spirit:userFileType>
      </spirit:file>
      <spirit:file>
        <spirit:name>pilotdetect_blk_mem_gen_v8_3_i14/pilotdetect_blk_mem_gen_v8_3_i14.xci</spirit:name>
        <spirit:userFileType>xci</spirit:userFileType>
      </spirit:file>
      <spirit:file>
        <spirit:name>pilotdetect_blk_mem_gen_v8_3_i15/pilotdetect_blk_mem_gen_v8_3_i15.xci</spirit:name>
        <spirit:userFileType>xci</spirit:userFileType>
      </spirit:file>
      <spirit:file>
        <spirit:name>pilotdetect_blk_mem_gen_v8_3_i16/pilotdetect_blk_mem_gen_v8_3_i16.xci</spirit:name>
        <spirit:userFileType>xci</spirit:userFileType>
      </spirit:file>
      <spirit:file>
        <spirit:name>pilotdetect_blk_mem_gen_v8_3_i17/pilotdetect_blk_mem_gen_v8_3_i17.xci</spirit:name>
        <spirit:userFileType>xci</spirit:userFileType>
      </spirit:file>
      <spirit:file>
        <spirit:name>pilotdetect_blk_mem_gen_v8_3_i18/pilotdetect_blk_mem_gen_v8_3_i18.xci</spirit:name>
        <spirit:userFileType>xci</spirit:userFileType>
      </spirit:file>
      <spirit:file>
        <spirit:name>pilotdetect_blk_mem_gen_v8_3_i19/pilotdetect_blk_mem_gen_v8_3_i19.xci</spirit:name>
        <spirit:userFileType>xci</spirit:userFileType>
      </spirit:file>
      <spirit:file>
        <spirit:name>pilotdetect_blk_mem_gen_v8_3_i2/pilotdetect_blk_mem_gen_v8_3_i2.xci</spirit:name>
        <spirit:userFileType>xci</spirit:userFileType>
      </spirit:file>
      <spirit:file>
        <spirit:name>pilotdetect_blk_mem_gen_v8_3_i20/pilotdetect_blk_mem_gen_v8_3_i20.xci</spirit:name>
        <spirit:userFileType>xci</spirit:userFileType>
      </spirit:file>
      <spirit:file>
        <spirit:name>pilotdetect_blk_mem_gen_v8_3_i3/pilotdetect_blk_mem_gen_v8_3_i3.xci</spirit:name>
        <spirit:userFileType>xci</spirit:userFileType>
      </spirit:file>
      <spirit:file>
        <spirit:name>pilotdetect_blk_mem_gen_v8_3_i4/pilotdetect_blk_mem_gen_v8_3_i4.xci</spirit:name>
        <spirit:userFileType>xci</spirit:userFileType>
      </spirit:file>
      <spirit:file>
        <spirit:name>pilotdetect_blk_mem_gen_v8_3_i5/pilotdetect_blk_mem_gen_v8_3_i5.xci</spirit:name>
        <spirit:userFileType>xci</spirit:userFileType>
      </spirit:file>
      <spirit:file>
        <spirit:name>pilotdetect_blk_mem_gen_v8_3_i6/pilotdetect_blk_mem_gen_v8_3_i6.xci</spirit:name>
        <spirit:userFileType>xci</spirit:userFileType>
      </spirit:file>
      <spirit:file>
        <spirit:name>pilotdetect_blk_mem_gen_v8_3_i7/pilotdetect_blk_mem_gen_v8_3_i7.xci</spirit:name>
        <spirit:userFileType>xci</spirit:userFileType>
      </spirit:file>
      <spirit:file>
        <spirit:name>pilotdetect_blk_mem_gen_v8_3_i8/pilotdetect_blk_mem_gen_v8_3_i8.xci</spirit:name>
        <spirit:userFileType>xci</spirit:userFileType>
      </spirit:file>
      <spirit:file>
        <spirit:name>pilotdetect_blk_mem_gen_v8_3_i9/pilotdetect_blk_mem_gen_v8_3_i9.xci</spirit:name>
        <spirit:userFileType>xci</spirit:userFileType>
      </spirit:file>
      <spirit:file>
        <spirit:name>pilotdetect_c_addsub_v12_0_i0/pilotdetect_c_addsub_v12_0_i0.xci</spirit:name>
        <spirit:userFileType>xci</spirit:userFileType>
      </spirit:file>
      <spirit:file>
        <spirit:name>pilotdetect_c_addsub_v12_0_i1/pilotdetect_c_addsub_v12_0_i1.xci</spirit:name>
        <spirit:userFileType>xci</spirit:userFileType>
      </spirit:file>
      <spirit:file>
        <spirit:name>pilotdetect_c_addsub_v12_0_i2/pilotdetect_c_addsub_v12_0_i2.xci</spirit:name>
        <spirit:userFileType>xci</spirit:userFileType>
      </spirit:file>
      <spirit:file>
        <spirit:name>pilotdetect_c_addsub_v12_0_i3/pilotdetect_c_addsub_v12_0_i3.xci</spirit:name>
        <spirit:userFileType>xci</spirit:userFileType>
      </spirit:file>
      <spirit:file>
        <spirit:name>pilotdetect_c_addsub_v12_0_i4/pilotdetect_c_addsub_v12_0_i4.xci</spirit:name>
        <spirit:userFileType>xci</spirit:userFileType>
      </spirit:file>
      <spirit:file>
        <spirit:name>pilotdetect_c_addsub_v12_0_i5/pilotdetect_c_addsub_v12_0_i5.xci</spirit:name>
        <spirit:userFileType>xci</spirit:userFileType>
      </spirit:file>
      <spirit:file>
        <spirit:name>pilotdetect_c_addsub_v12_0_i6/pilotdetect_c_addsub_v12_0_i6.xci</spirit:name>
        <spirit:userFileType>xci</spirit:userFileType>
      </spirit:file>
      <spirit:file>
        <spirit:name>pilotdetect_c_counter_binary_v12_0_i0/pilotdetect_c_counter_binary_v12_0_i0.xci</spirit:name>
        <spirit:userFileType>xci</spirit:userFileType>
      </spirit:file>
      <spirit:file>
        <spirit:name>pilotdetect_c_counter_binary_v12_0_i1/pilotdetect_c_counter_binary_v12_0_i1.xci</spirit:name>
        <spirit:userFileType>xci</spirit:userFileType>
      </spirit:file>
      <spirit:file>
        <spirit:name>pilotdetect_c_counter_binary_v12_0_i2/pilotdetect_c_counter_binary_v12_0_i2.xci</spirit:name>
        <spirit:userFileType>xci</spirit:userFileType>
      </spirit:file>
      <spirit:file>
        <spirit:name>pilotdetect_c_counter_binary_v12_0_i3/pilotdetect_c_counter_binary_v12_0_i3.xci</spirit:name>
        <spirit:userFileType>xci</spirit:userFileType>
      </spirit:file>
      <spirit:file>
        <spirit:name>pilotdetect_c_counter_binary_v12_0_i4/pilotdetect_c_counter_binary_v12_0_i4.xci</spirit:name>
        <spirit:userFileType>xci</spirit:userFileType>
      </spirit:file>
      <spirit:file>
        <spirit:name>pilotdetect_c_counter_binary_v12_0_i5/pilotdetect_c_counter_binary_v12_0_i5.xci</spirit:name>
        <spirit:userFileType>xci</spirit:userFileType>
      </spirit:file>
      <spirit:file>
        <spirit:name>pilotdetect_c_counter_binary_v12_0_i6/pilotdetect_c_counter_binary_v12_0_i6.xci</spirit:name>
        <spirit:userFileType>xci</spirit:userFileType>
      </spirit:file>
      <spirit:file>
        <spirit:name>pilotdetect_c_counter_binary_v12_0_i7/pilotdetect_c_counter_binary_v12_0_i7.xci</spirit:name>
        <spirit:userFileType>xci</spirit:userFileType>
      </spirit:file>
      <spirit:file>
        <spirit:name>pilotdetect_c_counter_binary_v12_0_i8/pilotdetect_c_counter_binary_v12_0_i8.xci</spirit:name>
        <spirit:userFileType>xci</spirit:userFileType>
      </spirit:file>
      <spirit:file>
        <spirit:name>pilotdetect_dist_mem_gen_v8_0_i0/pilotdetect_dist_mem_gen_v8_0_i0.xci</spirit:name>
        <spirit:userFileType>xci</spirit:userFileType>
      </spirit:file>
      <spirit:file>
        <spirit:name>pilotdetect_dist_mem_gen_v8_0_i1/pilotdetect_dist_mem_gen_v8_0_i1.xci</spirit:name>
        <spirit:userFileType>xci</spirit:userFileType>
      </spirit:file>
      <spirit:file>
        <spirit:name>pilotdetect_fifo_generator_v13_1_i0/pilotdetect_fifo_generator_v13_1_i0.xci</spirit:name>
        <spirit:userFileType>xci</spirit:userFileType>
      </spirit:file>
      <spirit:file>
        <spirit:name>pilotdetect_mult_gen_v12_0_i0/pilotdetect_mult_gen_v12_0_i0.xci</spirit:name>
        <spirit:userFileType>xci</spirit:userFileType>
      </spirit:file>
      <spirit:file>
        <spirit:name>pilotdetect_mult_gen_v12_0_i1/pilotdetect_mult_gen_v12_0_i1.xci</spirit:name>
        <spirit:userFileType>xci</spirit:userFileType>
      </spirit:file>
      <spirit:file>
        <spirit:name>constrs/pilotdetect.xdc</spirit:name>
        <spirit:userFileType>xdc</spirit:userFileType>
      </spirit:file>
      <spirit:file>
        <spirit:name>pilotdetect_blk_mem_gen_v8_3_i0_vivado.coe</spirit:name>
        <spirit:userFileType>coe</spirit:userFileType>
      </spirit:file>
      <spirit:file>
        <spirit:name>pilotdetect_blk_mem_gen_v8_3_i1_vivado.coe</spirit:name>
        <spirit:userFileType>coe</spirit:userFileType>
      </spirit:file>
      <spirit:file>
        <spirit:name>pilotdetect_blk_mem_gen_v8_3_i2_vivado.coe</spirit:name>
        <spirit:userFileType>coe</spirit:userFileType>
      </spirit:file>
      <spirit:file>
        <spirit:name>pilotdetect_blk_mem_gen_v8_3_i3_vivado.coe</spirit:name>
        <spirit:userFileType>coe</spirit:userFileType>
      </spirit:file>
      <spirit:file>
        <spirit:name>pilotdetect_blk_mem_gen_v8_3_i4_vivado.coe</spirit:name>
        <spirit:userFileType>coe</spirit:userFileType>
      </spirit:file>
      <spirit:file>
        <spirit:name>pilotdetect_blk_mem_gen_v8_3_i5_vivado.coe</spirit:name>
        <spirit:userFileType>coe</spirit:userFileType>
      </spirit:file>
      <spirit:file>
        <spirit:name>pilotdetect_dist_mem_gen_v8_0_i0_vivado.coe</spirit:name>
        <spirit:userFileType>coe</spirit:userFileType>
      </spirit:file>
      <spirit:file>
        <spirit:name>pilotdetect_dist_mem_gen_v8_0_i1_vivado.coe</spirit:name>
        <spirit:userFileType>coe</spirit:userFileType>
      </spirit:file>
      <spirit:file>
        <spirit:name>pilotdetect_blk_mem_gen_v8_3_i6_vivado.coe</spirit:name>
        <spirit:userFileType>coe</spirit:userFileType>
      </spirit:file>
      <spirit:file>
        <spirit:name>pilotdetect_blk_mem_gen_v8_3_i7_vivado.coe</spirit:name>
        <spirit:userFileType>coe</spirit:userFileType>
      </spirit:file>
      <spirit:file>
        <spirit:name>pilotdetect_blk_mem_gen_v8_3_i8_vivado.coe</spirit:name>
        <spirit:userFileType>coe</spirit:userFileType>
      </spirit:file>
      <spirit:file>
        <spirit:name>pilotdetect_blk_mem_gen_v8_3_i9_vivado.coe</spirit:name>
        <spirit:userFileType>coe</spirit:userFileType>
      </spirit:file>
      <spirit:file>
        <spirit:name>pilotdetect_blk_mem_gen_v8_3_i10_vivado.coe</spirit:name>
        <spirit:userFileType>coe</spirit:userFileType>
      </spirit:file>
      <spirit:file>
        <spirit:name>pilotdetect_blk_mem_gen_v8_3_i11_vivado.coe</spirit:name>
        <spirit:userFileType>coe</spirit:userFileType>
      </spirit:file>
      <spirit:file>
        <spirit:name>pilotdetect_blk_mem_gen_v8_3_i12_vivado.coe</spirit:name>
        <spirit:userFileType>coe</spirit:userFileType>
      </spirit:file>
      <spirit:file>
        <spirit:name>pilotdetect_blk_mem_gen_v8_3_i13_vivado.coe</spirit:name>
        <spirit:userFileType>coe</spirit:userFileType>
      </spirit:file>
      <spirit:file>
        <spirit:name>pilotdetect_blk_mem_gen_v8_3_i14_vivado.coe</spirit:name>
        <spirit:userFileType>coe</spirit:userFileType>
      </spirit:file>
      <spirit:file>
        <spirit:name>pilotdetect_blk_mem_gen_v8_3_i15_vivado.coe</spirit:name>
        <spirit:userFileType>coe</spirit:userFileType>
      </spirit:file>
      <spirit:file>
        <spirit:name>pilotdetect_blk_mem_gen_v8_3_i16_vivado.coe</spirit:name>
        <spirit:userFileType>coe</spirit:userFileType>
      </spirit:file>
      <spirit:file>
        <spirit:name>pilotdetect_blk_mem_gen_v8_3_i17_vivado.coe</spirit:name>
        <spirit:userFileType>coe</spirit:userFileType>
      </spirit:file>
      <spirit:file>
        <spirit:name>pilotdetect_blk_mem_gen_v8_3_i18_vivado.coe</spirit:name>
        <spirit:userFileType>coe</spirit:userFileType>
      </spirit:file>
      <spirit:file>
        <spirit:name>pilotdetect_blk_mem_gen_v8_3_i19_vivado.coe</spirit:name>
        <spirit:userFileType>coe</spirit:userFileType>
      </spirit:file>
      <spirit:file>
        <spirit:name>pilotdetect_blk_mem_gen_v8_3_i20_vivado.coe</spirit:name>
        <spirit:userFileType>coe</spirit:userFileType>
      </spirit:file>
      <spirit:file>
        <spirit:name>hdl/conv_pkg.vhd</spirit:name>
        <spirit:fileType>vhdlSource</spirit:fileType>
        <spirit:logicalName>xil_defaultlib</spirit:logicalName>
      </spirit:file>
      <spirit:file>
        <spirit:name>hdl/synth_reg.vhd</spirit:name>
        <spirit:fileType>vhdlSource</spirit:fileType>
        <spirit:logicalName>xil_defaultlib</spirit:logicalName>
      </spirit:file>
      <spirit:file>
        <spirit:name>hdl/synth_reg_w_init.vhd</spirit:name>
        <spirit:fileType>vhdlSource</spirit:fileType>
        <spirit:logicalName>xil_defaultlib</spirit:logicalName>
      </spirit:file>
      <spirit:file>
        <spirit:name>hdl/srl17e.vhd</spirit:name>
        <spirit:fileType>vhdlSource</spirit:fileType>
        <spirit:logicalName>xil_defaultlib</spirit:logicalName>
      </spirit:file>
      <spirit:file>
        <spirit:name>hdl/srl33e.vhd</spirit:name>
        <spirit:fileType>vhdlSource</spirit:fileType>
        <spirit:logicalName>xil_defaultlib</spirit:logicalName>
      </spirit:file>
      <spirit:file>
        <spirit:name>hdl/synth_reg_reg.vhd</spirit:name>
        <spirit:fileType>vhdlSource</spirit:fileType>
        <spirit:logicalName>xil_defaultlib</spirit:logicalName>
      </spirit:file>
      <spirit:file>
        <spirit:name>hdl/single_reg_w_init.vhd</spirit:name>
        <spirit:fileType>vhdlSource</spirit:fileType>
        <spirit:logicalName>xil_defaultlib</spirit:logicalName>
      </spirit:file>
      <spirit:file>
        <spirit:name>hdl/xlclockdriver_rd.vhd</spirit:name>
        <spirit:fileType>vhdlSource</spirit:fileType>
        <spirit:logicalName>xil_defaultlib</spirit:logicalName>
      </spirit:file>
      <spirit:file>
        <spirit:name>hdl/pilotdetect_entity_declarations.vhd</spirit:name>
        <spirit:fileType>vhdlSource</spirit:fileType>
        <spirit:logicalName>xil_defaultlib</spirit:logicalName>
      </spirit:file>
      <spirit:file>
        <spirit:name>hdl/pilotdetect.vhd</spirit:name>
        <spirit:fileType>vhdlSource</spirit:fileType>
        <spirit:userFileType>CHECKSUM_890b63ad</spirit:userFileType>
        <spirit:logicalName>xil_defaultlib</spirit:logicalName>
      </spirit:file>
    </spirit:fileSet>
    <spirit:fileSet>
      <spirit:name>xilinx_vhdlbehavioralsimulation_view_fileset</spirit:name>
      <spirit:file>
        <spirit:name>pilotdetect_blk_mem_gen_v8_3_i0/pilotdetect_blk_mem_gen_v8_3_i0.xci</spirit:name>
        <spirit:userFileType>xci</spirit:userFileType>
      </spirit:file>
      <spirit:file>
        <spirit:name>pilotdetect_blk_mem_gen_v8_3_i1/pilotdetect_blk_mem_gen_v8_3_i1.xci</spirit:name>
        <spirit:userFileType>xci</spirit:userFileType>
      </spirit:file>
      <spirit:file>
        <spirit:name>pilotdetect_blk_mem_gen_v8_3_i10/pilotdetect_blk_mem_gen_v8_3_i10.xci</spirit:name>
        <spirit:userFileType>xci</spirit:userFileType>
      </spirit:file>
      <spirit:file>
        <spirit:name>pilotdetect_blk_mem_gen_v8_3_i11/pilotdetect_blk_mem_gen_v8_3_i11.xci</spirit:name>
        <spirit:userFileType>xci</spirit:userFileType>
      </spirit:file>
      <spirit:file>
        <spirit:name>pilotdetect_blk_mem_gen_v8_3_i12/pilotdetect_blk_mem_gen_v8_3_i12.xci</spirit:name>
        <spirit:userFileType>xci</spirit:userFileType>
      </spirit:file>
      <spirit:file>
        <spirit:name>pilotdetect_blk_mem_gen_v8_3_i13/pilotdetect_blk_mem_gen_v8_3_i13.xci</spirit:name>
        <spirit:userFileType>xci</spirit:userFileType>
      </spirit:file>
      <spirit:file>
        <spirit:name>pilotdetect_blk_mem_gen_v8_3_i14/pilotdetect_blk_mem_gen_v8_3_i14.xci</spirit:name>
        <spirit:userFileType>xci</spirit:userFileType>
      </spirit:file>
      <spirit:file>
        <spirit:name>pilotdetect_blk_mem_gen_v8_3_i15/pilotdetect_blk_mem_gen_v8_3_i15.xci</spirit:name>
        <spirit:userFileType>xci</spirit:userFileType>
      </spirit:file>
      <spirit:file>
        <spirit:name>pilotdetect_blk_mem_gen_v8_3_i16/pilotdetect_blk_mem_gen_v8_3_i16.xci</spirit:name>
        <spirit:userFileType>xci</spirit:userFileType>
      </spirit:file>
      <spirit:file>
        <spirit:name>pilotdetect_blk_mem_gen_v8_3_i17/pilotdetect_blk_mem_gen_v8_3_i17.xci</spirit:name>
        <spirit:userFileType>xci</spirit:userFileType>
      </spirit:file>
      <spirit:file>
        <spirit:name>pilotdetect_blk_mem_gen_v8_3_i18/pilotdetect_blk_mem_gen_v8_3_i18.xci</spirit:name>
        <spirit:userFileType>xci</spirit:userFileType>
      </spirit:file>
      <spirit:file>
        <spirit:name>pilotdetect_blk_mem_gen_v8_3_i19/pilotdetect_blk_mem_gen_v8_3_i19.xci</spirit:name>
        <spirit:userFileType>xci</spirit:userFileType>
      </spirit:file>
      <spirit:file>
        <spirit:name>pilotdetect_blk_mem_gen_v8_3_i2/pilotdetect_blk_mem_gen_v8_3_i2.xci</spirit:name>
        <spirit:userFileType>xci</spirit:userFileType>
      </spirit:file>
      <spirit:file>
        <spirit:name>pilotdetect_blk_mem_gen_v8_3_i20/pilotdetect_blk_mem_gen_v8_3_i20.xci</spirit:name>
        <spirit:userFileType>xci</spirit:userFileType>
      </spirit:file>
      <spirit:file>
        <spirit:name>pilotdetect_blk_mem_gen_v8_3_i3/pilotdetect_blk_mem_gen_v8_3_i3.xci</spirit:name>
        <spirit:userFileType>xci</spirit:userFileType>
      </spirit:file>
      <spirit:file>
        <spirit:name>pilotdetect_blk_mem_gen_v8_3_i4/pilotdetect_blk_mem_gen_v8_3_i4.xci</spirit:name>
        <spirit:userFileType>xci</spirit:userFileType>
      </spirit:file>
      <spirit:file>
        <spirit:name>pilotdetect_blk_mem_gen_v8_3_i5/pilotdetect_blk_mem_gen_v8_3_i5.xci</spirit:name>
        <spirit:userFileType>xci</spirit:userFileType>
      </spirit:file>
      <spirit:file>
        <spirit:name>pilotdetect_blk_mem_gen_v8_3_i6/pilotdetect_blk_mem_gen_v8_3_i6.xci</spirit:name>
        <spirit:userFileType>xci</spirit:userFileType>
      </spirit:file>
      <spirit:file>
        <spirit:name>pilotdetect_blk_mem_gen_v8_3_i7/pilotdetect_blk_mem_gen_v8_3_i7.xci</spirit:name>
        <spirit:userFileType>xci</spirit:userFileType>
      </spirit:file>
      <spirit:file>
        <spirit:name>pilotdetect_blk_mem_gen_v8_3_i8/pilotdetect_blk_mem_gen_v8_3_i8.xci</spirit:name>
        <spirit:userFileType>xci</spirit:userFileType>
      </spirit:file>
      <spirit:file>
        <spirit:name>pilotdetect_blk_mem_gen_v8_3_i9/pilotdetect_blk_mem_gen_v8_3_i9.xci</spirit:name>
        <spirit:userFileType>xci</spirit:userFileType>
      </spirit:file>
      <spirit:file>
        <spirit:name>pilotdetect_c_addsub_v12_0_i0/pilotdetect_c_addsub_v12_0_i0.xci</spirit:name>
        <spirit:userFileType>xci</spirit:userFileType>
      </spirit:file>
      <spirit:file>
        <spirit:name>pilotdetect_c_addsub_v12_0_i1/pilotdetect_c_addsub_v12_0_i1.xci</spirit:name>
        <spirit:userFileType>xci</spirit:userFileType>
      </spirit:file>
      <spirit:file>
        <spirit:name>pilotdetect_c_addsub_v12_0_i2/pilotdetect_c_addsub_v12_0_i2.xci</spirit:name>
        <spirit:userFileType>xci</spirit:userFileType>
      </spirit:file>
      <spirit:file>
        <spirit:name>pilotdetect_c_addsub_v12_0_i3/pilotdetect_c_addsub_v12_0_i3.xci</spirit:name>
        <spirit:userFileType>xci</spirit:userFileType>
      </spirit:file>
      <spirit:file>
        <spirit:name>pilotdetect_c_addsub_v12_0_i4/pilotdetect_c_addsub_v12_0_i4.xci</spirit:name>
        <spirit:userFileType>xci</spirit:userFileType>
      </spirit:file>
      <spirit:file>
        <spirit:name>pilotdetect_c_addsub_v12_0_i5/pilotdetect_c_addsub_v12_0_i5.xci</spirit:name>
        <spirit:userFileType>xci</spirit:userFileType>
      </spirit:file>
      <spirit:file>
        <spirit:name>pilotdetect_c_addsub_v12_0_i6/pilotdetect_c_addsub_v12_0_i6.xci</spirit:name>
        <spirit:userFileType>xci</spirit:userFileType>
      </spirit:file>
      <spirit:file>
        <spirit:name>pilotdetect_c_counter_binary_v12_0_i0/pilotdetect_c_counter_binary_v12_0_i0.xci</spirit:name>
        <spirit:userFileType>xci</spirit:userFileType>
      </spirit:file>
      <spirit:file>
        <spirit:name>pilotdetect_c_counter_binary_v12_0_i1/pilotdetect_c_counter_binary_v12_0_i1.xci</spirit:name>
        <spirit:userFileType>xci</spirit:userFileType>
      </spirit:file>
      <spirit:file>
        <spirit:name>pilotdetect_c_counter_binary_v12_0_i2/pilotdetect_c_counter_binary_v12_0_i2.xci</spirit:name>
        <spirit:userFileType>xci</spirit:userFileType>
      </spirit:file>
      <spirit:file>
        <spirit:name>pilotdetect_c_counter_binary_v12_0_i3/pilotdetect_c_counter_binary_v12_0_i3.xci</spirit:name>
        <spirit:userFileType>xci</spirit:userFileType>
      </spirit:file>
      <spirit:file>
        <spirit:name>pilotdetect_c_counter_binary_v12_0_i4/pilotdetect_c_counter_binary_v12_0_i4.xci</spirit:name>
        <spirit:userFileType>xci</spirit:userFileType>
      </spirit:file>
      <spirit:file>
        <spirit:name>pilotdetect_c_counter_binary_v12_0_i5/pilotdetect_c_counter_binary_v12_0_i5.xci</spirit:name>
        <spirit:userFileType>xci</spirit:userFileType>
      </spirit:file>
      <spirit:file>
        <spirit:name>pilotdetect_c_counter_binary_v12_0_i6/pilotdetect_c_counter_binary_v12_0_i6.xci</spirit:name>
        <spirit:userFileType>xci</spirit:userFileType>
      </spirit:file>
      <spirit:file>
        <spirit:name>pilotdetect_c_counter_binary_v12_0_i7/pilotdetect_c_counter_binary_v12_0_i7.xci</spirit:name>
        <spirit:userFileType>xci</spirit:userFileType>
      </spirit:file>
      <spirit:file>
        <spirit:name>pilotdetect_c_counter_binary_v12_0_i8/pilotdetect_c_counter_binary_v12_0_i8.xci</spirit:name>
        <spirit:userFileType>xci</spirit:userFileType>
      </spirit:file>
      <spirit:file>
        <spirit:name>pilotdetect_dist_mem_gen_v8_0_i0/pilotdetect_dist_mem_gen_v8_0_i0.xci</spirit:name>
        <spirit:userFileType>xci</spirit:userFileType>
      </spirit:file>
      <spirit:file>
        <spirit:name>pilotdetect_dist_mem_gen_v8_0_i1/pilotdetect_dist_mem_gen_v8_0_i1.xci</spirit:name>
        <spirit:userFileType>xci</spirit:userFileType>
      </spirit:file>
      <spirit:file>
        <spirit:name>pilotdetect_fifo_generator_v13_1_i0/pilotdetect_fifo_generator_v13_1_i0.xci</spirit:name>
        <spirit:userFileType>xci</spirit:userFileType>
      </spirit:file>
      <spirit:file>
        <spirit:name>pilotdetect_mult_gen_v12_0_i0/pilotdetect_mult_gen_v12_0_i0.xci</spirit:name>
        <spirit:userFileType>xci</spirit:userFileType>
      </spirit:file>
      <spirit:file>
        <spirit:name>pilotdetect_mult_gen_v12_0_i1/pilotdetect_mult_gen_v12_0_i1.xci</spirit:name>
        <spirit:userFileType>xci</spirit:userFileType>
      </spirit:file>
      <spirit:file>
        <spirit:name>pilotdetect_blk_mem_gen_v8_3_i0_vivado.coe</spirit:name>
        <spirit:userFileType>coe</spirit:userFileType>
      </spirit:file>
      <spirit:file>
        <spirit:name>pilotdetect_blk_mem_gen_v8_3_i1_vivado.coe</spirit:name>
        <spirit:userFileType>coe</spirit:userFileType>
      </spirit:file>
      <spirit:file>
        <spirit:name>pilotdetect_blk_mem_gen_v8_3_i2_vivado.coe</spirit:name>
        <spirit:userFileType>coe</spirit:userFileType>
      </spirit:file>
      <spirit:file>
        <spirit:name>pilotdetect_blk_mem_gen_v8_3_i3_vivado.coe</spirit:name>
        <spirit:userFileType>coe</spirit:userFileType>
      </spirit:file>
      <spirit:file>
        <spirit:name>pilotdetect_blk_mem_gen_v8_3_i4_vivado.coe</spirit:name>
        <spirit:userFileType>coe</spirit:userFileType>
      </spirit:file>
      <spirit:file>
        <spirit:name>pilotdetect_blk_mem_gen_v8_3_i5_vivado.coe</spirit:name>
        <spirit:userFileType>coe</spirit:userFileType>
      </spirit:file>
      <spirit:file>
        <spirit:name>pilotdetect_dist_mem_gen_v8_0_i0_vivado.coe</spirit:name>
        <spirit:userFileType>coe</spirit:userFileType>
      </spirit:file>
      <spirit:file>
        <spirit:name>pilotdetect_dist_mem_gen_v8_0_i1_vivado.coe</spirit:name>
        <spirit:userFileType>coe</spirit:userFileType>
      </spirit:file>
      <spirit:file>
        <spirit:name>pilotdetect_blk_mem_gen_v8_3_i6_vivado.coe</spirit:name>
        <spirit:userFileType>coe</spirit:userFileType>
      </spirit:file>
      <spirit:file>
        <spirit:name>pilotdetect_blk_mem_gen_v8_3_i7_vivado.coe</spirit:name>
        <spirit:userFileType>coe</spirit:userFileType>
      </spirit:file>
      <spirit:file>
        <spirit:name>pilotdetect_blk_mem_gen_v8_3_i8_vivado.coe</spirit:name>
        <spirit:userFileType>coe</spirit:userFileType>
      </spirit:file>
      <spirit:file>
        <spirit:name>pilotdetect_blk_mem_gen_v8_3_i9_vivado.coe</spirit:name>
        <spirit:userFileType>coe</spirit:userFileType>
      </spirit:file>
      <spirit:file>
        <spirit:name>pilotdetect_blk_mem_gen_v8_3_i10_vivado.coe</spirit:name>
        <spirit:userFileType>coe</spirit:userFileType>
      </spirit:file>
      <spirit:file>
        <spirit:name>pilotdetect_blk_mem_gen_v8_3_i11_vivado.coe</spirit:name>
        <spirit:userFileType>coe</spirit:userFileType>
      </spirit:file>
      <spirit:file>
        <spirit:name>pilotdetect_blk_mem_gen_v8_3_i12_vivado.coe</spirit:name>
        <spirit:userFileType>coe</spirit:userFileType>
      </spirit:file>
      <spirit:file>
        <spirit:name>pilotdetect_blk_mem_gen_v8_3_i13_vivado.coe</spirit:name>
        <spirit:userFileType>coe</spirit:userFileType>
      </spirit:file>
      <spirit:file>
        <spirit:name>pilotdetect_blk_mem_gen_v8_3_i14_vivado.coe</spirit:name>
        <spirit:userFileType>coe</spirit:userFileType>
      </spirit:file>
      <spirit:file>
        <spirit:name>pilotdetect_blk_mem_gen_v8_3_i15_vivado.coe</spirit:name>
        <spirit:userFileType>coe</spirit:userFileType>
      </spirit:file>
      <spirit:file>
        <spirit:name>pilotdetect_blk_mem_gen_v8_3_i16_vivado.coe</spirit:name>
        <spirit:userFileType>coe</spirit:userFileType>
      </spirit:file>
      <spirit:file>
        <spirit:name>pilotdetect_blk_mem_gen_v8_3_i17_vivado.coe</spirit:name>
        <spirit:userFileType>coe</spirit:userFileType>
      </spirit:file>
      <spirit:file>
        <spirit:name>pilotdetect_blk_mem_gen_v8_3_i18_vivado.coe</spirit:name>
        <spirit:userFileType>coe</spirit:userFileType>
      </spirit:file>
      <spirit:file>
        <spirit:name>pilotdetect_blk_mem_gen_v8_3_i19_vivado.coe</spirit:name>
        <spirit:userFileType>coe</spirit:userFileType>
      </spirit:file>
      <spirit:file>
        <spirit:name>pilotdetect_blk_mem_gen_v8_3_i20_vivado.coe</spirit:name>
        <spirit:userFileType>coe</spirit:userFileType>
      </spirit:file>
      <spirit:file>
        <spirit:name>hdl/conv_pkg.vhd</spirit:name>
        <spirit:fileType>vhdlSource</spirit:fileType>
        <spirit:userFileType>USED_IN_ipstatic</spirit:userFileType>
        <spirit:logicalName>xil_defaultlib</spirit:logicalName>
      </spirit:file>
      <spirit:file>
        <spirit:name>hdl/synth_reg.vhd</spirit:name>
        <spirit:fileType>vhdlSource</spirit:fileType>
        <spirit:userFileType>USED_IN_ipstatic</spirit:userFileType>
        <spirit:logicalName>xil_defaultlib</spirit:logicalName>
      </spirit:file>
      <spirit:file>
        <spirit:name>hdl/synth_reg_w_init.vhd</spirit:name>
        <spirit:fileType>vhdlSource</spirit:fileType>
        <spirit:userFileType>USED_IN_ipstatic</spirit:userFileType>
        <spirit:logicalName>xil_defaultlib</spirit:logicalName>
      </spirit:file>
      <spirit:file>
        <spirit:name>hdl/srl17e.vhd</spirit:name>
        <spirit:fileType>vhdlSource</spirit:fileType>
        <spirit:userFileType>USED_IN_ipstatic</spirit:userFileType>
        <spirit:logicalName>xil_defaultlib</spirit:logicalName>
      </spirit:file>
      <spirit:file>
        <spirit:name>hdl/srl33e.vhd</spirit:name>
        <spirit:fileType>vhdlSource</spirit:fileType>
        <spirit:userFileType>USED_IN_ipstatic</spirit:userFileType>
        <spirit:logicalName>xil_defaultlib</spirit:logicalName>
      </spirit:file>
      <spirit:file>
        <spirit:name>hdl/synth_reg_reg.vhd</spirit:name>
        <spirit:fileType>vhdlSource</spirit:fileType>
        <spirit:userFileType>USED_IN_ipstatic</spirit:userFileType>
        <spirit:logicalName>xil_defaultlib</spirit:logicalName>
      </spirit:file>
      <spirit:file>
        <spirit:name>hdl/single_reg_w_init.vhd</spirit:name>
        <spirit:fileType>vhdlSource</spirit:fileType>
        <spirit:userFileType>USED_IN_ipstatic</spirit:userFileType>
        <spirit:logicalName>xil_defaultlib</spirit:logicalName>
      </spirit:file>
      <spirit:file>
        <spirit:name>hdl/xlclockdriver_rd.vhd</spirit:name>
        <spirit:fileType>vhdlSource</spirit:fileType>
        <spirit:userFileType>USED_IN_ipstatic</spirit:userFileType>
        <spirit:logicalName>xil_defaultlib</spirit:logicalName>
      </spirit:file>
      <spirit:file>
        <spirit:name>hdl/pilotdetect_entity_declarations.vhd</spirit:name>
        <spirit:fileType>vhdlSource</spirit:fileType>
        <spirit:userFileType>USED_IN_ipstatic</spirit:userFileType>
        <spirit:logicalName>xil_defaultlib</spirit:logicalName>
      </spirit:file>
      <spirit:file>
        <spirit:name>hdl/pilotdetect.vhd</spirit:name>
        <spirit:fileType>vhdlSource</spirit:fileType>
        <spirit:userFileType>USED_IN_ipstatic</spirit:userFileType>
        <spirit:logicalName>xil_defaultlib</spirit:logicalName>
      </spirit:file>
    </spirit:fileSet>
    <spirit:fileSet>
      <spirit:name>xilinx_xpgui_view_fileset</spirit:name>
      <spirit:file>
        <spirit:name>xgui/pilotdetect_vKU_4_1.tcl</spirit:name>
        <spirit:fileType>tclSource</spirit:fileType>
        <spirit:userFileType>CHECKSUM_f92e9879</spirit:userFileType>
        <spirit:userFileType>XGUI_VERSION_2</spirit:userFileType>
      </spirit:file>
    </spirit:fileSet>
    <spirit:fileSet>
      <spirit:name>xilinx_utilityxitfiles_view_fileset</spirit:name>
      <spirit:file>
        <spirit:name>sysgen_icon_100.png</spirit:name>
        <spirit:userFileType>image</spirit:userFileType>
        <spirit:userFileType>LOGO</spirit:userFileType>
      </spirit:file>
    </spirit:fileSet>
  </spirit:fileSets>
  <spirit:description> This IP was generated from System Generator. All changes must be made in SysGen model.  </spirit:description>
  <spirit:parameters>
    <spirit:parameter>
      <spirit:name>Component_Name</spirit:name>
      <spirit:value spirit:resolve="user" spirit:id="PARAM_VALUE.Component_Name" spirit:order="1">pilotdetect_vKU_4_1</spirit:value>
    </spirit:parameter>
  </spirit:parameters>
  <spirit:vendorExtensions>
    <xilinx:coreExtensions>
      <xilinx:supportedFamilies>
        <xilinx:family xilinx:lifeCycle="Production">kintexu</xilinx:family>
      </xilinx:supportedFamilies>
      <xilinx:taxonomies>
        <xilinx:taxonomy>/System_Generator_for_DSP</xilinx:taxonomy>
      </xilinx:taxonomies>
      <xilinx:displayName>pilotdetect</xilinx:displayName>
      <xilinx:definitionSource>sysgen</xilinx:definitionSource>
      <xilinx:coreRevision>115866514</xilinx:coreRevision>
      <xilinx:coreCreationDateTime>2017-01-21T06:10:34Z</xilinx:coreCreationDateTime>
    </xilinx:coreExtensions>
    <xilinx:packagingInfo>
      <xilinx:xilinxVersion>2016.2</xilinx:xilinxVersion>
    </xilinx:packagingInfo>
  </spirit:vendorExtensions>
</spirit:component>
